-- phpMyAdmin SQL Dump
-- version 4.0.4
-- http://www.phpmyadmin.net
--
-- Servidor: 127.0.0.1
-- Tiempo de generación: 31-01-2014 a las 21:29:14
-- Versión del servidor: 5.5.32
-- Versión de PHP: 5.4.16

SET SQL_MODE = "NO_AUTO_VALUE_ON_ZERO";
SET time_zone = "+00:00";


/*!40101 SET @OLD_CHARACTER_SET_CLIENT=@@CHARACTER_SET_CLIENT */;
/*!40101 SET @OLD_CHARACTER_SET_RESULTS=@@CHARACTER_SET_RESULTS */;
/*!40101 SET @OLD_COLLATION_CONNECTION=@@COLLATION_CONNECTION */;
/*!40101 SET NAMES utf8 */;

--
-- Base de datos: `novedades`
--
CREATE DATABASE IF NOT EXISTS `novedades` DEFAULT CHARACTER SET utf32 COLLATE utf32_spanish_ci;
USE `novedades`;

-- --------------------------------------------------------

--
-- Estructura de tabla para la tabla `concepto`
--

CREATE TABLE IF NOT EXISTS `concepto` (
  `cod_con` int(3) NOT NULL,
  `descripcion` varchar(100) COLLATE utf8_unicode_ci NOT NULL,
  `tipo` varchar(13) CHARACTER SET utf8 COLLATE utf8_spanish_ci DEFAULT NULL,
  `estado` tinyint(1) DEFAULT NULL,
  `cargaUser` tinyint(1) DEFAULT NULL,
  PRIMARY KEY (`cod_con`)
) ENGINE=InnoDB DEFAULT CHARSET=utf8 COLLATE=utf8_unicode_ci;

--
-- Volcado de datos para la tabla `concepto`
--

INSERT INTO `concepto` (`cod_con`, `descripcion`, `tipo`, `estado`, `cargaUser`) VALUES
(0, 'Sin Novedad', 'CUALITATIVA', 1, 1),
(1, 'falta sin aviso', 'CUALITATIVA', 1, 0),
(2, 'tardanza', 'CUALITATIVA', 1, 0),
(3, 'feriado', 'CUALITATIVA', 1, 0),
(4, 'Adelanto Sueldo', 'CUANTITATIVA', 1, 1),
(5, 'Perdida de Celular', 'CUANTITATIVA', 1, 1),
(7, 'HS EXTRA', 'CUANTITATIVA', 1, 0),
(8, 'ENFERMEDAD', 'CUALITATIVA', 1, 0),
(9, 'Prueba Sis1', 'CUALITATIVA', 1, 0),
(10, 'Pruba Sis2', 'CUALITATIVA', 1, 0),
(11, 'Prueba Sis3', 'CUALITATIVA', 1, 0);

-- --------------------------------------------------------

--
-- Estructura de tabla para la tabla `empleado`
--

CREATE TABLE IF NOT EXISTS `empleado` (
  `ID` int(11) NOT NULL AUTO_INCREMENT,
  `LEGAJO` int(4) NOT NULL,
  `APELLIDO` varchar(30) COLLATE utf8_spanish_ci NOT NULL,
  `NOMBRE` varchar(30) COLLATE utf8_spanish_ci NOT NULL,
  `CUIT` varchar(14) COLLATE utf8_spanish_ci NOT NULL,
  `COD_EMP` int(3) DEFAULT NULL,
  `nom_emp` varchar(35) COLLATE utf8_spanish_ci DEFAULT NULL,
  `COD_SUC` int(3) DEFAULT NULL,
  `nom_suc` varchar(35) COLLATE utf8_spanish_ci DEFAULT NULL,
  `convenio` varchar(40) COLLATE utf8_spanish_ci DEFAULT NULL,
  `tarea` varchar(30) COLLATE utf8_spanish_ci NOT NULL,
  `estado` tinyint(1) DEFAULT NULL,
  PRIMARY KEY (`ID`),
  KEY `COD_SUC` (`COD_SUC`)
) ENGINE=InnoDB  DEFAULT CHARSET=utf8 COLLATE=utf8_spanish_ci AUTO_INCREMENT=2653 ;

--
-- Volcado de datos para la tabla `empleado`
--

INSERT INTO `empleado` (`ID`, `LEGAJO`, `APELLIDO`, `NOMBRE`, `CUIT`, `COD_EMP`, `nom_emp`, `COD_SUC`, `nom_suc`, `convenio`, `tarea`, `estado`) VALUES
(2, 237, 'Campos', 'Leonardo', '23-31463692-9', 3, '3-Don Pedro', 1, '1-Jujuy', 'nada', 'TECNICO', 1),
(3, 40, 'SORIA', 'ROBERTO', '23415673845', 3, '3-Don Pedro', 1, '1-Jujuy', 'SITUAGA', 'CAMIONERO', 0),
(2367, 1, 'ZAMBRANO', 'SANTUSA  ', '27126179443', 2, '2-FERNANDO MANZUR', 29, 'PNAL.SAN SALVADOR JUJUY', 'CENTRO EMP.COMERCIO (CEC)', 'MAESTRANZA A 2/3', 1),
(2368, 4, 'PEREZ', 'JUAN MIGUEL ', '20134688867', 2, '2-FERNANDO MANZUR', 13, '13-MAIMARA', 'SIND.CHOFERES DE CAMIONES', 'CONDUCTORES 1ºCATEGORIA', 1),
(2369, 5, 'REARTE', 'SILVIA JUANA ', '27122366745', 2, '2-FERNANDO MANZUR', 13, '13-MAIMARA', 'NO CORRESPONDE', 'ENCARGADO DE SUCURSAL', 1),
(2370, 11, 'DIAZ', 'OMAR JORGE JAVIER', '20266637773', 2, '2-FERNANDO MANZUR', 15, '15-ABRA PAMPA', 'CENTRO EMP.COMERCIO (CEC)', 'VENDEDORES A', 1),
(2371, 16, 'TINTE', 'CARLOS ALBERTO ', '20313990231', 2, '2-FERNANDO MANZUR', 12, '12-SAN PEDRO', 'SIND.CHOFERES DE CAMIONES', 'CONDUCTORES 1ºCATEGORIA', 1),
(2372, 18, 'MARTINEZ', 'HERNAN ALFREDO ', '20231720295', 2, '2-FERNANDO MANZUR', 16, '16-LA QUIACA', 'NO CORRESPONDE', 'ENCARGADO DE SUCURSAL', 1),
(2373, 23, 'MURILLO', 'MARIA ASUNCION ', '27257511532', 2, '2-FERNANDO MANZUR', 16, '16-LA QUIACA', 'S.U.T.I.A.G.A.', 'PERS. PROMOCION', 1),
(2374, 24, 'MAMANI', 'SEBASTIAN FERNANDO ', '23328881519', 2, '2-FERNANDO MANZUR', 16, '16-LA QUIACA', 'CENTRO EMP.COMERCIO (CEC)', 'VENDEDORES A', 1),
(2375, 25, 'GUTIERREZ', 'JESUS IVAN ', '20257511686', 2, '2-FERNANDO MANZUR', 16, '16-LA QUIACA', 'CENTRO EMP.COMERCIO (CEC)', 'VENDEDORES A', 1),
(2376, 28, 'TEJERINA', 'HIGINIO RENE ', '20213221753', 2, '2-FERNANDO MANZUR', 27, 'PNAL.DE ACT.TALL.', 'NO CORRESPONDE', 'ENCARGADO DE SUCURSAL', 1),
(2377, 30, 'VILCA', 'MARIO JESUS ', '20257761461', 2, '2-FERNANDO MANZUR', 25, 'PNAL.DE ACT.CONST.', 'CENTRO EMP.COMERCIO (CEC)', 'AUXILIAR A JOR PARCIAL', 1),
(2378, 32, 'MENDOZA', 'MAXIMO  ', '20219214465', 2, '2-FERNANDO MANZUR', 25, 'PNAL.DE ACT.CONST.', 'CENTRO EMP.COMERCIO (CEC)', 'AUXILIARES ESPECIALIZADOS A', 1),
(2379, 33, 'ARMANDON', 'TEOFILO  ', '23269757469', 2, '2-FERNANDO MANZUR', 25, 'PNAL.DE ACT.CONST.', 'CENTRO EMP.COMERCIO (CEC)', 'AUXILIAR A JOR PARCIAL', 1),
(2380, 34, 'AÑEZ', 'BENJAMIN DAVID ', '20312020182', 2, '2-FERNANDO MANZUR', 25, 'PNAL.DE ACT.CONST.', 'CENTRO EMP.COMERCIO (CEC)', 'AUXILIAR A JOR PARCIAL', 1),
(2381, 35, 'SAJAMA', 'HIPOLITO  ', '23201728169', 2, '2-FERNANDO MANZUR', 25, 'PNAL.DE ACT.CONST.', 'CENTRO EMP.COMERCIO (CEC)', 'AUXILIARES ESPECIALIZADOS A', 1),
(2382, 37, 'JEREZ', 'MARTIN GERONIMO ', '20108898403', 2, '2-FERNANDO MANZUR', 25, 'PNAL.DE ACT.CONST.', 'NO CORRESPONDE', 'FUERA DE CONVENIO', 1),
(2383, 38, 'QUIPILDOR', 'GLORIA LILIANA ', '27274474616', 2, '2-FERNANDO MANZUR', 15, '15-ABRA PAMPA', 'S.U.T.I.A.G.A.', 'PERS. PROMOCION', 1),
(2384, 45, 'BURGOS', 'HUGO ORLANDO ', '20273249436', 2, '2-FERNANDO MANZUR', 16, '16-LA QUIACA', 'CENTRO EMP.COMERCIO (CEC)', 'AUXILIARES A', 1),
(2385, 47, 'CARDENES', 'ELVA AZUCENA ', '27213222606', 2, '2-FERNANDO MANZUR', 28, 'PNAL.DE FINCA-TAREAS VS.', 'CENTRO EMP.COMERCIO (CEC)', 'MAESTRANZA A JP', 1),
(2386, 50, 'QUIPILDOR', 'DANIEL FERNANDO ', '20279146000', 2, '2-FERNANDO MANZUR', 25, 'PNAL.DE ACT.CONST.', 'CENTRO EMP.COMERCIO (CEC)', 'AUXILIARES ESPECIALIZADOS A', 1),
(2387, 61, 'ALLEGRETTI', 'SILVA ISIS DANIELA', '20335111037', 2, '2-FERNANDO MANZUR', 13, '13-MAIMARA', 'CENTRO EMP.COMERCIO (CEC)', 'ADMINISTRATIVO A', 1),
(2388, 63, 'TOLAY', 'PEDRO PABLO ', '20274542277', 2, '2-FERNANDO MANZUR', 14, '14-HUMAHUACA', 'SIND.CHOFERES DE CAMIONES', 'CONDUCTORES 1ºCATEGORIA', 1),
(2389, 67, 'PELOC', 'GONZALO DANIEL ', '20313990290', 2, '2-FERNANDO MANZUR', 25, 'PNAL.DE ACT.CONST.', 'CENTRO EMP.COMERCIO (CEC)', 'AUXILIAR A JOR PARCIAL', 1),
(2390, 68, 'GUARI', 'BLAS DOROTEO ', '20277064880', 2, '2-FERNANDO MANZUR', 25, 'PNAL.DE ACT.CONST.', 'CENTRO EMP.COMERCIO (CEC)', 'AUXILIAR A JOR PARCIAL', 1),
(2391, 69, 'VALDIVIEZO', 'RUBEN OMAR ', '20285370044', 2, '2-FERNANDO MANZUR', 28, 'PNAL.DE FINCA-TAREAS VS.', 'CENTRO EMP.COMERCIO (CEC)', 'AUXILIAR A JOR PARCIAL', 1),
(2392, 70, 'MENDEZ', 'CESAR ARIEL ', '20274473771', 2, '2-FERNANDO MANZUR', 25, 'PNAL.DE ACT.CONST.', 'CENTRO EMP.COMERCIO (CEC)', 'AUXILIAR A JOR PARCIAL', 1),
(2393, 72, 'VEGA', 'PEREZ OSCAR WILFREDO', '20945946904', 2, '2-FERNANDO MANZUR', 16, '16-LA QUIACA', 'CENTRO EMP.COMERCIO (CEC)', 'AUXILIARES A', 1),
(2394, 73, 'FARFAN', 'MIRIAM ELIZABETH ', '27350326753', 2, '2-FERNANDO MANZUR', 26, 'PNAL.DE ACT.INVER.', 'CENTRO EMP.COMERCIO (CEC)', 'AUXILIAR 2/3 DE JORNADA', 1),
(2395, 77, 'LAMAS', 'GUILLERMINA  ', '27308556064', 2, '2-FERNANDO MANZUR', 26, 'PNAL.DE ACT.INVER.', 'CENTRO EMP.COMERCIO (CEC)', 'AUXILIAR 2/3 DE JORNADA', 1),
(2396, 81, 'COLQUE', 'ANDRES ROLANDO ', '20324532847', 2, '2-FERNANDO MANZUR', 16, '16-LA QUIACA', 'CENTRO EMP.COMERCIO (CEC)', 'AUXILIARES A', 1),
(2397, 83, 'NUÑEZ', 'CARLOS LEONARDO ', '20313563872', 2, '2-FERNANDO MANZUR', 12, '12-SAN PEDRO', 'S.U.T.I.A.G.A.', 'PROMOTOR DE VENTA', 1),
(2398, 84, 'MARTINEZ', 'PAMELA CRISTINA ', '27247061717', 2, '2-FERNANDO MANZUR', 12, '12-SAN PEDRO', 'S.U.T.I.A.G.A.', 'ADM. 4º CATEGORIA', 1),
(2399, 87, 'BURGOS', 'PEDRO SERGIO ', '23228742449', 2, '2-FERNANDO MANZUR', 12, '12-SAN PEDRO', 'S.U.T.I.A.G.A.', 'OPERARIO PRACTICO', 1),
(2400, 88, 'CACERES', 'ENZO JAVIER ', '20185039715', 2, '2-FERNANDO MANZUR', 12, '12-SAN PEDRO', 'S.U.T.I.A.G.A.', 'PROMOTOR DE VENTA', 1),
(2401, 90, 'ORGAZ', 'LUIS ALBERTO ', '20126187174', 2, '2-FERNANDO MANZUR', 12, '12-SAN PEDRO', 'NO CORRESPONDE', 'FUERA DE CONVENIO', 1),
(2402, 91, 'AVILA', 'JUAN CARLOS ', '23148042519', 2, '2-FERNANDO MANZUR', 12, '12-SAN PEDRO', 'S.U.T.I.A.G.A.', 'OPERARIO CALIFICADO', 1),
(2403, 92, 'PRIMERO', 'RUBEN ROBERTO ', '20223575820', 2, '2-FERNANDO MANZUR', 12, '12-SAN PEDRO', 'CENTRO EMP.COMERCIO (CEC)', 'MAESTRANZA B', 1),
(2404, 96, 'CORBACHO', 'RUBEN OMAR ', '20238684588', 2, '2-FERNANDO MANZUR', 12, '12-SAN PEDRO', 'S.U.T.I.A.G.A.', 'PROMOTOR DE VENTA', 1),
(2405, 97, 'BALCARCE', 'DANIEL ANGEL ', '20210959204', 2, '2-FERNANDO MANZUR', 12, '12-SAN PEDRO', 'S.U.T.I.A.G.A.', 'PROMOTOR DE VENTA', 1),
(2406, 98, 'DUARTE', 'DIEGO ARMANDO ', '20278744508', 2, '2-FERNANDO MANZUR', 12, '12-SAN PEDRO', 'S.U.T.I.A.G.A.', 'PROMOTOR DE VENTA', 1),
(2407, 101, 'REALES', 'SERGIO GUSTAVO ', '20313206948', 2, '2-FERNANDO MANZUR', 12, '12-SAN PEDRO', 'SIND.CHOFERES DE CAMIONES', 'CONDUCTORES 1ºCATEGORIA', 1),
(2408, 102, 'PRIMERO', 'SERGIO OMAR ', '20238139717', 2, '2-FERNANDO MANZUR', 12, '12-SAN PEDRO', 'SIND.CHOFERES DE CAMIONES', 'PEONES', 1),
(2409, 103, 'GOMEZ', 'OSCAR ALBERTO ', '20286218297', 2, '2-FERNANDO MANZUR', 12, '12-SAN PEDRO', 'SIND.CHOFERES DE CAMIONES', 'CONDUCTORES 1ºCATEGORIA', 1),
(2410, 104, 'DUARTE', 'BRUNO ALEJANDRO ', '20309953550', 2, '2-FERNANDO MANZUR', 12, '12-SAN PEDRO', 'SIND.CHOFERES DE CAMIONES', 'PEONES', 1),
(2411, 105, 'VALDIVIEZO', 'GUSTAVO DOMINGO ', '20327969332', 2, '2-FERNANDO MANZUR', 12, '12-SAN PEDRO', 'SIND.CHOFERES DE CAMIONES', 'CONDUCTORES 1ºCATEGORIA', 1),
(2412, 106, 'KUJARCHIK', 'RAMON ANTONIO MARTIN', '24299760657', 2, '2-FERNANDO MANZUR', 12, '12-SAN PEDRO', 'SIND.CHOFERES DE CAMIONES', 'CONDUCTORES 1ºCATEGORIA', 1),
(2413, 107, 'MORENO', 'ROBERTO DANIEL ', '20222700680', 2, '2-FERNANDO MANZUR', 12, '12-SAN PEDRO', 'SIND.CHOFERES DE CAMIONES', 'CONDUCTORES 1ºCATEGORIA', 1),
(2414, 108, 'MOLINA', 'NESTOR FABIAN ', '20270970541', 2, '2-FERNANDO MANZUR', 12, '12-SAN PEDRO', 'SIND.CHOFERES DE CAMIONES', 'CONDUCTORES 1ºCATEGORIA', 1),
(2415, 109, 'GOMEZ', 'OTTO CARLOS DELFIN', '20231571176', 2, '2-FERNANDO MANZUR', 12, '12-SAN PEDRO', 'SIND.CHOFERES DE CAMIONES', 'CONDUCTORES 1ºCATEGORIA', 1),
(2416, 110, 'MORENO', 'ALBERTO  ', '20264756708', 2, '2-FERNANDO MANZUR', 12, '12-SAN PEDRO', 'SIND.CHOFERES DE CAMIONES', 'CONDUCTORES 1ºCATEGORIA', 1),
(2417, 111, 'ROMERO', 'HECTOR RAUL ', '20178648331', 2, '2-FERNANDO MANZUR', 12, '12-SAN PEDRO', 'SIND.CHOFERES DE CAMIONES', 'CONDUCTORES 1ºCATEGORIA', 1),
(2418, 112, 'RIOS', 'JORGE RAFAEL ', '20136960858', 2, '2-FERNANDO MANZUR', 12, '12-SAN PEDRO', 'SIND.CHOFERES DE CAMIONES', 'CONDUCTORES 1ºCATEGORIA', 1),
(2419, 113, 'ROSELL', 'SERGIO CARLOS ', '20202402764', 2, '2-FERNANDO MANZUR', 12, '12-SAN PEDRO', 'SIND.CHOFERES DE CAMIONES', 'CONDUCTORES 1ºCATEGORIA', 1),
(2420, 116, 'SANTA', 'CRUZ JUAN JOSE', '20316003878', 2, '2-FERNANDO MANZUR', 12, '12-SAN PEDRO', 'S.U.T.I.A.G.A.', 'PROMOTOR DE VENTA', 1),
(2421, 118, 'VARGAS', 'NOEMI ALEJANDRA ', '27417867320', 2, '2-FERNANDO MANZUR', 12, '12-SAN PEDRO', 'S.U.T.I.A.G.A.', 'PROMOTOR DE VENTA', 1),
(2422, 121, 'ALFARO', 'LEAÑES ANA ROSA', '27937291634', 2, '2-FERNANDO MANZUR', 29, 'PNAL.SAN SALVADOR JUJUY', 'CENTRO EMP.COMERCIO (CEC)', 'MAEST "A" 1/2 JORN', 1),
(2423, 123, 'HOYOS', 'OSCAR AUGUSTO ', '20249303853', 2, '2-FERNANDO MANZUR', 12, '12-SAN PEDRO', 'S.U.T.I.A.G.A.', 'ADM. 3º CATEGORIA', 1),
(2424, 124, 'TINTE', 'SEBASTIAN ORLANDO ', '20358249095', 2, '2-FERNANDO MANZUR', 12, '12-SAN PEDRO', 'SIND.CHOFERES DE CAMIONES', 'PEONES', 1),
(2425, 129, 'MOREJON', 'JOSE ARIEL ', '20332551559', 2, '2-FERNANDO MANZUR', 12, '12-SAN PEDRO', 'S.U.T.I.A.G.A.', 'OPERARIO INTERNO', 1),
(2426, 131, 'CALATAYU', 'CRISTIAN IVAN ', '20335650841', 2, '2-FERNANDO MANZUR', 12, '12-SAN PEDRO', 'S.U.T.I.A.G.A.', 'PROMOTOR DE VENTA', 1),
(2427, 132, 'BRAVO', 'CLAUDIO FERNANDO ', '20292231254', 2, '2-FERNANDO MANZUR', 12, '12-SAN PEDRO', 'S.U.T.I.A.G.A.', 'PROMOTOR DE VENTA', 1),
(2428, 133, 'DIAZ', 'PANTOJA SILVINA BEATRIZ', '27313026049', 2, '2-FERNANDO MANZUR', 12, '12-SAN PEDRO', 'S.U.T.I.A.G.A.', 'PROMOTOR DE VENTA', 1),
(2429, 134, 'HOYOS', 'BRUNO EMANUEL ', '20320014493', 2, '2-FERNANDO MANZUR', 12, '12-SAN PEDRO', 'NO CORRESPONDE', 'SUPERVISOR DE VENTAS', 1),
(2430, 135, 'CHUMACERO', 'GUSTAVO ARIEL ', '20259706891', 2, '2-FERNANDO MANZUR', 12, '12-SAN PEDRO', 'SIND.CHOFERES DE CAMIONES', 'PEONES', 1),
(2431, 136, 'FLORES', 'DIEGO FEDERICO ', '20288780162', 2, '2-FERNANDO MANZUR', 12, '12-SAN PEDRO', 'SIND.CHOFERES DE CAMIONES', 'PEONES', 1),
(2432, 137, 'TOLABA', 'FABIO HECTOR ARMANDO', '23318581789', 2, '2-FERNANDO MANZUR', 12, '12-SAN PEDRO', 'SIND.CHOFERES DE CAMIONES', 'PEONES', 1),
(2433, 139, 'LOPEZ', 'SERGIO EMMANUEL ', '20363709118', 2, '2-FERNANDO MANZUR', 12, '12-SAN PEDRO', 'SIND.CHOFERES DE CAMIONES', 'PEONES', 1),
(2434, 140, 'MACIAS', 'GABINO GABRIEL ', '20281050967', 2, '2-FERNANDO MANZUR', 12, '12-SAN PEDRO', 'SIND.CHOFERES DE CAMIONES', 'PEONES', 1),
(2435, 141, 'KUJARCHIK', 'ROQUE MAXIMILIANO ', '20323082368', 2, '2-FERNANDO MANZUR', 12, '12-SAN PEDRO', 'SIND.CHOFERES DE CAMIONES', 'PEONES', 1),
(2436, 143, 'LAMAS', 'HELVIO FERNANDO ', '20281053915', 2, '2-FERNANDO MANZUR', 12, '12-SAN PEDRO', 'SIND.CHOFERES DE CAMIONES', 'PEONES', 1),
(2437, 144, 'LAMAS', 'HUGO JOSE ', '20239833390', 2, '2-FERNANDO MANZUR', 28, 'PNAL.DE FINCA-TAREAS VS.', 'CENTRO EMP.COMERCIO (CEC)', 'AUXILIAR A JOR PARCIAL', 1),
(2438, 146, 'MOREJON', 'PEDRO PABLO ', '20287637471', 2, '2-FERNANDO MANZUR', 12, '12-SAN PEDRO', 'S.U.T.I.A.G.A.', 'PROMOTOR DE VENTA', 1),
(2439, 148, 'CORDOVA', 'JORGE HUGO ', '24338446736', 2, '2-FERNANDO MANZUR', 16, '16-LA QUIACA', 'CENTRO EMP.COMERCIO (CEC)', 'AUXILIARES A', 1),
(2440, 149, 'MAMANI', 'DAVID JOSE LUIS', '20292874805', 2, '2-FERNANDO MANZUR', 15, '15-ABRA PAMPA', 'CENTRO EMP.COMERCIO (CEC)', 'AUXILIAR A JOR PARCIAL', 1),
(2441, 155, 'MAMANI', 'JUAN ERNESTO ', '20313990495', 2, '2-FERNANDO MANZUR', 13, '13-MAIMARA', 'SIND.CHOFERES DE CAMIONES', 'CONDUCTORES 1ºCATEGORIA', 1),
(2442, 156, 'ARACENA', 'CARMELO JULIAN ', '20257240879', 2, '2-FERNANDO MANZUR', 12, '12-SAN PEDRO', 'S.U.T.I.A.G.A.', 'OPERARIO INTERNO', 1),
(2443, 158, 'MORENO', 'OSCAR  ', '20297357574', 2, '2-FERNANDO MANZUR', 12, '12-SAN PEDRO', 'SIND.CHOFERES DE CAMIONES', 'PEONES', 1),
(2444, 163, 'YURQUINA', 'JORGE EMANUEL ', '20327969596', 2, '2-FERNANDO MANZUR', 12, '12-SAN PEDRO', 'SIND.CHOFERES DE CAMIONES', 'PEONES', 1),
(2445, 165, 'GOMEZ', 'CARINA ARACELI ', '27271094693', 2, '2-FERNANDO MANZUR', 14, '14-HUMAHUACA', 'CENTRO EMP.COMERCIO (CEC)', 'VENDEDOR A 1/2 JORN', 1),
(2446, 168, 'LOPEZ', 'ORTEGA MANUEL AUGUSTO', '20266978066', 2, '2-FERNANDO MANZUR', 12, '12-SAN PEDRO', 'SIND.CHOFERES DE CAMIONES', 'PEONES', 1),
(2447, 177, 'GUTIERREZ', 'WALTER JOSE ', '20298439876', 2, '2-FERNANDO MANZUR', 14, '14-HUMAHUACA', 'CENTRO EMP.COMERCIO (CEC)', 'VENDEDOR A JORNADA PARCIAL', 1),
(2448, 178, 'CHILIGUAY', 'NELSON SILVIO ', '20336676488', 2, '2-FERNANDO MANZUR', 13, '13-MAIMARA', 'SIND.CHOFERES DE CAMIONES', 'PEONES', 1),
(2449, 182, 'HOYOS', 'ALEJANDRO  ', '20237900066', 2, '2-FERNANDO MANZUR', 13, '13-MAIMARA', 'CENTRO EMP.COMERCIO (CEC)', 'AUXILIARES A', 1),
(2450, 186, 'CUSI', 'GUIDO ORLANDO ', '20227017474', 2, '2-FERNANDO MANZUR', 14, '14-HUMAHUACA', 'CENTRO EMP.COMERCIO (CEC)', 'AUXILIARES A', 1),
(2451, 187, 'SALUZZO', 'FERNANDO JAVIER ', '20278743528', 2, '2-FERNANDO MANZUR', 12, '12-SAN PEDRO', 'S.U.T.I.A.G.A.', 'PROMOTOR DE VENTA', 1),
(2452, 189, 'ALBERTO', 'LUIS NELSON YAMIL', '20332563263', 2, '2-FERNANDO MANZUR', 27, 'PNAL.DE ACT.TALL.', 'CENTRO EMP.COMERCIO (CEC)', 'AUXILIARES A', 1),
(2453, 193, 'MAMANI', 'NESTOR RICARDO ', '20358272186', 2, '2-FERNANDO MANZUR', 14, '14-HUMAHUACA', 'CENTRO EMP.COMERCIO (CEC)', 'AUXILIAR A JOR PARCIAL', 1),
(2454, 195, 'CRUZ', 'CARLOS ORLANDO ', '20270476768', 2, '2-FERNANDO MANZUR', 13, '13-MAIMARA', 'SIND.CHOFERES DE CAMIONES', 'PEONES', 1),
(2455, 196, 'ALANCAY', 'DAVID CESAR ', '20318647926', 2, '2-FERNANDO MANZUR', 13, '13-MAIMARA', 'S.U.T.I.A.G.A.', 'ADMINISTRATIVO 5TA.CAT.FORM.', 1),
(2456, 198, 'MATEOS', 'ANTONIO  ', '20141922328', 2, '2-FERNANDO MANZUR', 12, '12-SAN PEDRO', 'S.U.T.I.A.G.A.', 'ADM. 4º CATEGORIA', 1),
(2457, 202, 'TORRES', 'RUBEN MATEO ', '20293097055', 2, '2-FERNANDO MANZUR', 25, 'PNAL.DE ACT.CONST.', 'NO CORRESPONDE', 'INGENIERO - HOTEL', 1),
(2458, 203, 'MORALES', 'ELBER IVAN ', '20318889431', 2, '2-FERNANDO MANZUR', 25, 'PNAL.DE ACT.CONST.', 'CENTRO EMP.COMERCIO (CEC)', 'AUXILIARES ESPECIALIZADOS A', 1),
(2459, 205, 'SOSA', 'RAUL MARCELO ', '20235144353', 2, '2-FERNANDO MANZUR', 12, '12-SAN PEDRO', 'S.U.T.I.A.G.A.', 'PROMOTOR DE VENTA', 1),
(2460, 206, 'GUTIERREZ', 'JOEL ELIAS ', '20356652992', 2, '2-FERNANDO MANZUR', 14, '14-HUMAHUACA', 'CENTRO EMP.COMERCIO (CEC)', 'AUXILIARES A', 1),
(2461, 207, 'BURGOS', 'FRANCO LUCIANO ', '20364505680', 2, '2-FERNANDO MANZUR', 13, '13-MAIMARA', 'S.U.T.I.A.G.A.', 'PERS. PROMOCION', 1),
(2462, 208, 'AGÜERO', 'JOSE ANTONIO ', '20216070721', 2, '2-FERNANDO MANZUR', 12, '12-SAN PEDRO', 'NO CORRESPONDE', 'FUERA DE CONVENIO', 1),
(2463, 211, 'LOPEZ', 'MARCO ANTONIO ', '20315905916', 2, '2-FERNANDO MANZUR', 13, '13-MAIMARA', 'CENTRO EMP.COMERCIO (CEC)', 'AUXILIAR A JOR PARCIAL', 1),
(2464, 215, 'QUESADA', 'HECTOR EMILIO ', '20294198033', 2, '2-FERNANDO MANZUR', 25, 'PNAL.DE ACT.CONST.', 'CENTRO EMP.COMERCIO (CEC)', 'AUXILIARES ESPECIALIZADOS A', 1),
(2465, 218, 'BESIN', 'CALDERARI SEBASTIAN ', '20314635842', 2, '2-FERNANDO MANZUR', 12, '12-SAN PEDRO', 'NO CORRESPONDE', 'GERENTE', 1),
(2466, 219, 'VALERO', 'JOSE ANTONIO ', '20275239896', 2, '2-FERNANDO MANZUR', 25, 'PNAL.DE ACT.CONST.', 'CENTRO EMP.COMERCIO (CEC)', 'AUXILIAR A JOR PARCIAL', 1),
(2467, 5, 'MARTINEZ', 'GABRIELA AURELIA  ', '27301768740', 3, '3-DON PEDRO', 1, '1-JUJUY', 'S.U.T.I.A.G.A.', 'DISTRIBUIDORES', 1),
(2468, 10, 'CHAVEZ', 'HUGO GABRIEL  ', '20113874032', 3, '3-DON PEDRO', 1, '1-JUJUY', 'SIND TRABAJADORES CAMIONEROS', 'CONDUCTORES 1RA CATEGORIA', 1),
(2469, 22, 'PUCA', 'MAXIMILIANO ESTEBAN  ', '20304197340', 3, '3-DON PEDRO', 1, '1-JUJUY', 'S.U.T.I.A.G.A.', 'DISTRIBUIDORES', 1),
(2470, 23, 'REAL', 'FERNANDO JAVIER  ', '20272752177', 3, '3-DON PEDRO', 1, '1-JUJUY', 'S.U.T.I.A.G.A.', 'DISTRIBUIDORES', 1),
(2471, 35, 'MEDINA', 'CRISTIAN ANDRES  ', '24326069864', 3, '3-DON PEDRO', 1, '1-JUJUY', 'SIND TRABAJADORES CAMIONEROS', 'PEONES', 1),
(2472, 37, 'CHAVEZ', 'NELSON AUGUSTO  ', '20272756091', 3, '3-DON PEDRO', 1, '1-JUJUY', 'SIND TRABAJADORES CAMIONEROS', 'PEONES', 1),
(2473, 39, 'CHAVES', 'SILVIO CÉSAR  ', '20130191909', 3, '3-DON PEDRO', 1, '1-JUJUY', 'SIND TRABAJADORES CAMIONEROS', 'PEONES', 1),
(2474, 44, 'RODRIGUEZ', 'JOSE MARCELO  ', '20251223654', 3, '3-DON PEDRO', 1, '1-JUJUY', 'S.U.T.I.A.G.A.', 'DISTRIBUIDORES', 1),
(2475, 45, 'PUCA', 'JOSE CARMELO  ', '20141761715', 3, '3-DON PEDRO', 1, '1-JUJUY', 'SIND TRABAJADORES CAMIONEROS', 'CONDUCTORES 1RA CATEGORIA', 1),
(2476, 57, 'TORREJON', 'HUGO GERARDO  ', '20225833304', 3, '3-DON PEDRO', 1, '1-JUJUY', 'S.U.T.I.A.G.A.', 'DISTRIBUIDORES', 1),
(2477, 60, 'GIMENEZ', 'JORGE ALEJANDRO  ', '20170747179', 3, '3-DON PEDRO', 1, '1-JUJUY', 'NO CORRESPONDE', 'FUERA DE CONVENIO', 1),
(2478, 64, 'CLAURE', 'HECTOR RUBEN  ', '20267932027', 3, '3-DON PEDRO', 1, '1-JUJUY', 'CENTRO EMPLEADOS COMERCIO (CEC', 'ADMINISTRATIVO F', 1),
(2479, 66, 'CASIMIRO', 'DIEGO FERNANDO  ', '20299153151', 3, '3-DON PEDRO', 1, '1-JUJUY', 'SIND TRABAJADORES CAMIONEROS', 'CONDUCTORES 1RA CATEGORIA', 1),
(2480, 67, 'DOMINGUEZ', 'CARLOS ALBERTO  ', '20307183138', 3, '3-DON PEDRO', 1, '1-JUJUY', 'SIND TRABAJADORES CAMIONEROS', 'CONDUCTORES 1RA CATEGORIA', 1),
(2481, 69, 'FRIAS', 'RENZO ALEJANDRO  ', '20330916126', 3, '3-DON PEDRO', 1, '1-JUJUY', 'SIND TRABAJADORES CAMIONEROS', 'PEONES', 1),
(2482, 71, 'AGUIRRE', 'ARIEL EZEQUIEL  ', '20267936014', 3, '3-DON PEDRO', 1, '1-JUJUY', 'S.U.T.I.A.G.A.', 'DISTRIBUIDORES', 1),
(2483, 78, 'MURILLO', 'MIGUEL ANGEL  ', '23264261139', 3, '3-DON PEDRO', 1, '1-JUJUY', 'SIND TRABAJADORES CAMIONEROS', 'CONDUCTORES 1RA CATEGORIA', 1),
(2484, 94, 'QUISPE', 'SIMON RAFAEL  ', '20310666867', 3, '3-DON PEDRO', 1, '1-JUJUY', 'SIND TRABAJADORES CAMIONEROS', 'ENCARGADO DE DEPOSITO', 1),
(2485, 95, 'GODOY', 'SALDIAS FABIO GERMAN ', '20328776767', 3, '3-DON PEDRO', 1, '1-JUJUY', 'SIND TRABAJADORES CAMIONEROS', 'PEONES', 1),
(2486, 130, 'OREY', 'MIGUEL ANGEL  ', '20326723909', 3, '3-DON PEDRO', 1, '1-JUJUY', 'SIND TRABAJADORES CAMIONEROS', 'AYUDANTE DE DEPOSITO', 1),
(2487, 133, 'OREY', 'WALTER DAVID  ', '20347264262', 3, '3-DON PEDRO', 1, '1-JUJUY', 'SIND TRABAJADORES CAMIONEROS', 'AYUDANTE DE DEPOSITO', 1),
(2488, 136, 'ALEMAN', 'GONZALO JAVIER  ', '23337645879', 3, '3-DON PEDRO', 1, '1-JUJUY', 'SIND TRABAJADORES CAMIONEROS', 'CONDUCTORES 1RA CATEGORIA', 1),
(2489, 165, 'FARFAN', 'DANIEL ALBERTO  ', '23299151719', 3, '3-DON PEDRO', 1, '1-JUJUY', 'S.U.T.I.A.G.A.', 'DISTRIBUIDORES', 1),
(2490, 174, 'SEVERICH', 'MOISES ALEJANDRO  ', '20241011705', 3, '3-DON PEDRO', 1, '1-JUJUY', 'NO CORRESPONDE', 'JEFE DE LOGISTICA Y DISTRIBUCI', 1),
(2491, 180, 'PEREZ', 'CECILIA MABEL  ', '27262327324', 3, '3-DON PEDRO', 1, '1-JUJUY', 'NO CORRESPONDE', 'CONTADOR', 1),
(2492, 181, 'VALDEZ', 'CRISTIAN FABRICIO  ', '20253777002', 3, '3-DON PEDRO', 1, '1-JUJUY', 'NO CORRESPONDE', 'CONTADOR', 1),
(2493, 185, 'MAIDANA', 'VICTOR LUIS  ', '20300294252', 3, '3-DON PEDRO', 1, '1-JUJUY', 'SIND TRABAJADORES CAMIONEROS', 'PEONES', 1),
(2494, 186, 'ALONSO', 'FRANCISCO CARLOS  ', '20924935252', 3, '3-DON PEDRO', 1, '1-JUJUY', 'SIND TRABAJADORES CAMIONEROS', 'CONDUCTORES 1RA CATEGORIA', 1),
(2495, 193, 'CUEZZO', 'FABRICIO MANUEL  ', '20330473437', 3, '3-DON PEDRO', 1, '1-JUJUY', 'SIND TRABAJADORES CAMIONEROS', 'PEONES', 1),
(2496, 200, 'IBARRA', 'SEGUNDO ALEJANDRO  ', '20232170175', 3, '3-DON PEDRO', 1, '1-JUJUY', 'SIND TRABAJADORES CAMIONEROS', 'CONDUCTORES 1RA CATEGORIA', 1),
(2497, 202, 'SUXO', 'JUAN MARTIN  ', '20300290265', 3, '3-DON PEDRO', 1, '1-JUJUY', 'SIND TRABAJADORES CAMIONEROS', 'PEONES', 1),
(2498, 204, 'URZAGASTI', 'JUAN DANIEL  ', '20283106315', 3, '3-DON PEDRO', 1, '1-JUJUY', 'CENTRO EMPLEADOS COMERCIO (CEC', 'ADMINISTRATIVO C', 1),
(2499, 208, 'LOPEZ', 'SANDRA ANGELICA  ', '27249418582', 3, '3-DON PEDRO', 1, '1-JUJUY', 'CENTRO EMPLEADOS COMERCIO (CEC', 'ADMINISTRATIVO C', 1),
(2500, 218, 'GONZALEZ', 'BURGOS LUIS FERNANDO ', '20321595252', 3, '3-DON PEDRO', 1, '1-JUJUY', 'S.U.T.I.A.G.A.', 'DISTRIBUIDORES', 1),
(2501, 222, 'CHAVEZ', 'LUIS ROBERTO  ', '20144719566', 3, '3-DON PEDRO', 1, '1-JUJUY', 'NO CORRESPONDE', 'CONTADOR', 1),
(2502, 225, 'ZAMBRANO', 'PAULINA   ', '27121324755', 3, '3-DON PEDRO', 1, '1-JUJUY', 'CENTRO EMPLEADOS COMERCIO (CEC', 'MAESTRANZA A 2/3', 1),
(2503, 226, 'VALDEZ', 'DELFIN OSCAR  ', '20083022613', 3, '3-DON PEDRO', 1, '1-JUJUY', 'CENTRO EMPLEADOS COMERCIO (CEC', 'MAESTRANZA A 2/3', 1),
(2504, 228, 'ESPAÑA', 'JOSE MARIA  ', '20329109543', 3, '3-DON PEDRO', 1, '1-JUJUY', 'SIND TRABAJADORES CAMIONEROS', 'CONDUCTORES 1RA CATEGORIA', 1),
(2505, 230, 'ROMERO', 'JOSE ALFREDO  ', '20265010351', 3, '3-DON PEDRO', 1, '1-JUJUY', 'NO CORRESPONDE', 'CONTADOR', 1),
(2506, 231, 'ESPAÑA', 'FACUNDO MARTIN  ', '20336676186', 3, '3-DON PEDRO', 1, '1-JUJUY', 'SIND TRABAJADORES CAMIONEROS', 'PEONES', 1),
(2507, 232, 'GUERRA', 'SILVIA LUISA  ', '27315779230', 3, '3-DON PEDRO', 1, '1-JUJUY', 'S.U.T.I.A.G.A.', 'DISTRIBUIDORES', 1),
(2508, 233, 'FLORES', 'GUILLERMO RAUL  ', '20237552122', 3, '3-DON PEDRO', 1, '1-JUJUY', 'CENTRO EMPLEADOS COMERCIO (CEC', 'ADMINISTRATIVO C', 1),
(2509, 238, 'FIGUEREDO', 'DANIELA ALEJANDRA  ', '27286126532', 3, '3-DON PEDRO', 1, '1-JUJUY', 'NO CORRESPONDE', 'ABOGADO', 1),
(2510, 245, 'OREY', 'JOSE MANUEL  ', '20367568276', 3, '3-DON PEDRO', 1, '1-JUJUY', 'SIND TRABAJADORES CAMIONEROS', 'PEONES', 1),
(2511, 253, 'LOPEZ', 'MARIANO JOSE  ', '20259398739', 3, '3-DON PEDRO', 1, '1-JUJUY', 'S.U.T.I.A.G.A.', 'DISTRIBUIDORES', 1),
(2512, 262, 'BESIN', 'FERNANDO ARIEL  ', '20216656106', 3, '3-DON PEDRO', 1, '1-JUJUY', 'NO CORRESPONDE', 'SUPERVISOR VENTAS', 1),
(2513, 264, 'CALDERARI', 'FRANCO   ', '20341837333', 3, '3-DON PEDRO', 1, '1-JUJUY', 'CENTRO EMPLEADOS COMERCIO (CEC', 'ADM. A 1/2 JORNADA', 1),
(2514, 269, 'LOPEZ', 'SERGIO RAUL  ', '20276291891', 3, '3-DON PEDRO', 1, '1-JUJUY', 'NO CORRESPONDE', 'CONTADOR', 1),
(2515, 270, 'REYNAGA', 'CRISTIAN GUSTAVO  ', '23318889449', 3, '3-DON PEDRO', 1, '1-JUJUY', 'NO CORRESPONDE', 'CONTADOR', 1),
(2516, 273, 'GALLARDO', 'KAREN MISHELLE  ', '27346364594', 3, '3-DON PEDRO', 1, '1-JUJUY', 'CENTRO EMPLEADOS COMERCIO (CEC', 'ADM. A 1/2 JORNADA', 1),
(2517, 274, 'POCLAVA', 'CLAUDIO ALBERTO  ', '20401539434', 3, '3-DON PEDRO', 1, '1-JUJUY', 'S.U.T.I.A.G.A.', 'DISTRIBUIDORES', 1),
(2518, 275, 'GUTIERREZ', 'ARIEL ALEJANDRO  ', '23234309889', 3, '3-DON PEDRO', 1, '1-JUJUY', 'NO CORRESPONDE', 'CONTADOR', 1),
(2519, 277, 'GUERRERO', 'REINALDO   ', '20100081823', 3, '3-DON PEDRO', 1, '1-JUJUY', 'CENTRO EMPLEADOS COMERCIO (CEC', 'MAESTRANZA JORNADA PARCIAL', 1),
(2520, 280, 'ZARATE', 'SANTIAGO FERNANDO  ', '20300294317', 3, '3-DON PEDRO', 1, '1-JUJUY', 'NO CORRESPONDE', 'CONTADOR', 1),
(2521, 281, 'COLQUE', 'RICARDO DANIEL  ', '20305628027', 3, '3-DON PEDRO', 1, '1-JUJUY', 'NO CORRESPONDE', 'CONTADOR', 1),
(2522, 282, 'CORBALAN', 'FERNANDO GASTON  ', '20283106609', 3, '3-DON PEDRO', 1, '1-JUJUY', 'S.U.T.I.A.G.A.', 'DISTRIBUIDORES', 1),
(2523, 283, 'OROZCO', 'ANDREA SOLEDAD  ', '27313082909', 3, '3-DON PEDRO', 1, '1-JUJUY', 'S.U.T.I.A.G.A.', 'DISTRIBUIDORES', 1),
(2524, 285, 'RODRIGUEZ', 'RAUL NICOLAS  ', '20303993151', 3, '3-DON PEDRO', 1, '1-JUJUY', 'NO CORRESPONDE', 'CONTADOR', 1),
(2525, 401, 'CHOQUE', 'CLAUDIA JUDITH DEL VALLE', '27319238617', 3, '3-DON PEDRO', 1, '2-MAIMARA', 'NO CORRESPONDE', 'ADMINISTRATIVO B', 1),
(2526, 239, 'VIVEROS', 'OSCAR FABIAN  ', '20239263950', 3, '3-DON PEDRO', 2, '2 - MAIMARA', 'CENTRO EMPLEADOS COMERCIO (CEC', 'VENDEDORES A', 1),
(2527, 267, 'ESPAÑA', 'PABLO FEDERICO  ', '20290083479', 3, '3-DON PEDRO', 2, '2 - MAIMARA', 'CENTRO EMPLEADOS COMERCIO (CEC', 'VENDEDORES A', 1),
(2528, 279, 'ALLEGRETTI', 'SILVA HUMBERTO HUAYRA ', '20359318511', 3, '3-DON PEDRO', 2, '2 - MAIMARA', 'CENTRO EMPLEADOS COMERCIO (CEC', 'AUXILIARES A', 1),
(2529, 209, 'GONZALEZ', 'HECTOR RAUL  ', '20353089316', 3, '3-DON PEDRO', 3, '3-HUMAHUACA', 'CENTRO EMPLEADOS COMERCIO (CEC', 'VENDEDORES A', 1),
(2530, 210, 'ZAMBONI', 'JUAN MANUEL  ', '20274541572', 3, '3-DON PEDRO', 3, '3-HUMAHUACA', 'CENTRO EMPLEADOS COMERCIO (CEC', 'ADMINISTRATIVO A', 1),
(2531, 211, 'PALACIOS', 'HUGO RAMON  ', '20274540118', 3, '3-DON PEDRO', 3, '3-HUMAHUACA', 'CENTRO EMPLEADOS COMERCIO (CEC', 'VENDEDORES A', 1),
(2532, 191, 'MARTINEZ', 'ORLANDO JAVIER  ', '20281246098', 3, '3-DON PEDRO', 4, '4-ABRA PAMPA', 'CENTRO EMPLEADOS COMERCIO (CEC', 'VENDEDORES A', 1),
(2533, 70, 'LLAMPA', 'MIGUEL ANGEL  ', '20274473151', 3, '3-DON PEDRO', 5, '5-LA QUIACA', 'CENTRO EMPLEADOS COMERCIO (CEC', 'VENDEDORES A', 1),
(2534, 143, 'BURGOS', 'CARLOS ARIEL  ', '20328883660', 3, '3-DON PEDRO', 5, '5-LA QUIACA', 'CENTRO EMPLEADOS COMERCIO (CEC', 'VENDEDORES A', 1),
(2535, 259, 'RODRIGUES', 'JORGE ALBERTO  ', '20203232234', 3, '3-DON PEDRO', 5, '5-LA QUIACA', 'SIND TRABAJADORES CAMIONEROS', 'PEONES', 1),
(2536, 31, 'GONZALEZ', 'NORMA SUSANA ', '27225533526', 1, '1-DANIEL MANZUR', 6, '6-SALTA', 'SIND.DE TRAB.CERVECEROS Y AFIN', 'VENDEDOR A - CERVECERA', 1),
(2537, 32, 'TARITOLAY', 'LORENA FABIANA ', '27266279391', 1, '1-DANIEL MANZUR', 6, '6-SALTA', 'SIND.DE TRAB.CERVECEROS Y AFIN', 'VENDEDOR A - CERVECERA', 1),
(2538, 38, 'DELGADO', 'JORGE ADRIAN ', '20219353139', 1, '1-DANIEL MANZUR', 6, '6-SALTA', 'SIND. CHOFERES DE CAMIONES', 'PEON ESPECIALIZ - SALTA', 1),
(2539, 40, 'DELLAMEA', 'EDUARDO SEBASTIAN ', '20230763438', 1, '1-DANIEL MANZUR', 6, '6-SALTA', 'NO CORRESPONDE', 'GERENTE', 1),
(2540, 41, 'FLORES', 'HECTOR DANIEL ', '20231893920', 1, '1-DANIEL MANZUR', 6, '6-SALTA', 'SIND. CHOFERES DE CAMIONES', 'CONDUCTOR 1º CAT.-SALTA', 1),
(2541, 42, 'ARANA', 'ANIBAL ALEJANDRO ', '20220580807', 1, '1-DANIEL MANZUR', 6, '6-SALTA', 'SIND. CHOFERES DE CAMIONES', 'CONDUCTOR 1º CAT.-SALTA', 1),
(2542, 43, 'AGUDO', 'ANGEL GABRIEL ', '23234010409', 1, '1-DANIEL MANZUR', 6, '6-SALTA', 'SIND. CHOFERES DE CAMIONES', 'PEON ESPECIALIZ - SALTA', 1),
(2543, 44, 'PIZARRO', 'BRUNO SEBASTIAN ', '23311830139', 1, '1-DANIEL MANZUR', 6, '6-SALTA', 'CENTRO EMP. COMERCIO(CEC)', 'VENDEDOR B CEC-SALTA', 1),
(2544, 45, 'DELGADO', 'CARLOS SEBASTIAN ', '20363466932', 1, '1-DANIEL MANZUR', 6, '6-SALTA', 'SIND. CHOFERES DE CAMIONES', 'PEON ESPECIALIZ - SALTA', 1),
(2545, 46, 'FIGUEROA', 'DIEGO ORLANDO ', '23288861099', 1, '1-DANIEL MANZUR', 6, '6-SALTA', 'SIND. CHOFERES DE CAMIONES', 'CONDUCTOR 1º CAT.-SALTA', 1),
(2546, 47, 'ROBLES', 'ORLANDO RAFAEL ', '20302830518', 1, '1-DANIEL MANZUR', 6, '6-SALTA', 'CENTRO EMP. COMERCIO(CEC)', 'VENDEDOR B CEC-SALTA', 1),
(2547, 48, 'CONDORI', 'IVAN RAMIRO ', '20325438909', 1, '1-DANIEL MANZUR', 6, '6-SALTA', 'SIND. CHOFERES DE CAMIONES', 'PEON ESPECIALIZ - SALTA', 1),
(2548, 51, 'ABENDAÑO', 'ARIEL FEDERICO ', '20282601835', 1, '1-DANIEL MANZUR', 6, '6-SALTA', 'SIND. CHOFERES DE CAMIONES', 'PEON ESPECIALIZ - SALTA', 1),
(2549, 56, 'ISASMENDI', 'REIMUNDO EDGARDO ', '20249622630', 1, '1-DANIEL MANZUR', 6, '6-SALTA', 'SIND.DE TRAB.CERVECEROS Y AFIN', 'VENDEDOR A - CERVECERA', 1),
(2550, 57, 'PISTAN', 'HORACIO RICARDO EMMANUEL', '20314983891', 1, '1-DANIEL MANZUR', 6, '6-SALTA', 'SIND. CHOFERES DE CAMIONES', 'CONDUCTOR 1º CAT.-SALTA', 1),
(2551, 58, 'FABIAN', 'RICARDO FAUSTINO ', '20207063658', 1, '1-DANIEL MANZUR', 6, '6-SALTA', 'SIND. CHOFERES DE CAMIONES', 'PEON ESPECIALIZ - SALTA', 1),
(2552, 60, 'GIRON', 'VELASQUEZ RONY MARCIAL', '20927648106', 1, '1-DANIEL MANZUR', 6, '6-SALTA', 'SIND. CHOFERES DE CAMIONES', 'CONDUCTOR 1º CAT.-SALTA', 1),
(2553, 61, 'DELGADO', 'JORGE ADRIAN (H)', '20335432151', 1, '1-DANIEL MANZUR', 6, '6-SALTA', 'SIND. CHOFERES DE CAMIONES', 'PEON ESPECIALIZ - SALTA', 1),
(2554, 63, 'LAMAS', 'PAOLA DEL VALLE', '27288875958', 1, '1-DANIEL MANZUR', 6, '6-SALTA', 'SIND. CHOFERES DE CAMIONES', 'CONDUCTOR 1º CAT.-SALTA', 1),
(2555, 65, 'LOPEZ', 'ROBERTO ALEJANDRO ', '20306365224', 1, '1-DANIEL MANZUR', 6, '6-SALTA', 'CENTRO EMP. COMERCIO(CEC)', 'MAESTRANZA A', 1),
(2556, 71, 'RUIZ', 'RAFAEL NESTOR MARCEL', '20213204832', 1, '1-DANIEL MANZUR', 6, '6-SALTA', 'CENTRO EMP. COMERCIO(CEC)', 'VENDEDOR B CEC-SALTA', 1),
(2557, 74, 'GUTIERREZ', 'RICARDO ENRIQUE ', '20306371984', 1, '1-DANIEL MANZUR', 6, '6-SALTA', 'SIND.DE TRAB.CERVECEROS Y AFIN', 'VENDEDOR A - CERVECERA', 1),
(2558, 75, 'JUAREZ', 'ROBERTO JOSE MARTIN', '20276503643', 1, '1-DANIEL MANZUR', 6, '6-SALTA', 'SIND. CHOFERES DE CAMIONES', 'CONDUCTOR 1º CAT.-SALTA', 1),
(2559, 76, 'GOMEZ', 'MONICA BEATRIZ ', '27254117981', 1, '1-DANIEL MANZUR', 6, '6-SALTA', 'SIND.DE TRAB.CERVECEROS Y AFIN', 'VENDEDOR A - CERVECERA', 1),
(2560, 77, 'TORRES', 'RUBEN MARCELO ', '20243543755', 1, '1-DANIEL MANZUR', 6, '6-SALTA', 'SIND.DE TRAB.CERVECEROS Y AFIN', 'VENDEDOR A - CERVECERA', 1),
(2561, 78, 'FIGUEROA', 'CELESTINO DARIO ', '20254141004', 1, '1-DANIEL MANZUR', 6, '6-SALTA', 'SIND. CHOFERES DE CAMIONES', 'CONDUCTOR 1º CAT.-SALTA', 1),
(2562, 79, 'ERMAN', 'JAVIER DANIEL ALBERTO', '20315484929', 1, '1-DANIEL MANZUR', 6, '6-SALTA', 'SIND. CHOFERES DE CAMIONES', 'CONDUCTOR 1º CAT.-SALTA', 1),
(2563, 80, 'ARIAS', 'NESTOR DANIEL ', '20336681937', 1, '1-DANIEL MANZUR', 6, '6-SALTA', 'SIND. CHOFERES DE CAMIONES', 'CONDUCTOR 1º CAT.-SALTA', 1),
(2564, 81, 'LAMAS', 'GUSTAVO MISAEL ', '20339878154', 1, '1-DANIEL MANZUR', 6, '6-SALTA', 'SIND. CHOFERES DE CAMIONES', 'CONDUCTOR 1º CAT.-SALTA', 1),
(2565, 82, 'CARRIZO', 'PATRICIA ANGELICA ', '27284411868', 1, '1-DANIEL MANZUR', 6, '6-SALTA', 'SIND.DE TRAB.CERVECEROS Y AFIN', 'VENDEDOR A - CERVECERA', 1),
(2566, 83, 'AVELDAÑO', 'SEBASTIAN ANTONIO ', '20268208306', 1, '1-DANIEL MANZUR', 6, '6-SALTA', 'SIND.DE TRAB.CERVECEROS Y AFIN', 'VENDEDOR A - CERVECERA', 1),
(2567, 101, 'PALACIOS', 'GABRIEL ALEJANDRO ', '20303449508', 1, '1-DANIEL MANZUR', 6, '6-SALTA', 'CENTRO EMP. COMERCIO(CEC)', 'VENDEDOR B CEC-SALTA', 1),
(2568, 102, 'CARRAZCO', 'RUBEN FEDERICO ', '20363378286', 1, '1-DANIEL MANZUR', 6, '6-SALTA', 'SIND. CHOFERES DE CAMIONES', 'PEON ESPECIALIZ - SALTA', 1),
(2569, 103, 'CRUZ', 'NESTOR JAVIER ', '20274399563', 1, '1-DANIEL MANZUR', 6, '6-SALTA', 'SIND. CHOFERES DE CAMIONES', 'CONDUCTOR 1º CAT.-SALTA', 1),
(2570, 106, 'MARTINEZ', 'JAVIER IGNACIO ', '20337626476', 1, '1-DANIEL MANZUR', 6, '6-SALTA', 'SIND. CHOFERES DE CAMIONES', 'PEON ESPECIALIZ - SALTA', 1),
(2571, 107, 'GUTIERREZ', 'JULIO ROBERTO ', '20280515591', 1, '1-DANIEL MANZUR', 6, '6-SALTA', 'SIND. CHOFERES DE CAMIONES', 'PEON ESPECIALIZ - SALTA', 1),
(2572, 113, 'TINTE', 'WALTER FELIPE ', '20250783028', 1, '1-DANIEL MANZUR', 6, '6-SALTA', 'SIND. CHOFERES DE CAMIONES', 'CONDUCTOR 1º CAT.-SALTA', 1),
(2573, 115, 'SIMON', 'VANESA VERONICA ', '27306749493', 1, '1-DANIEL MANZUR', 6, '6-SALTA', 'SIND.DE TRAB.CERVECEROS Y AFIN', 'VENDEDOR A - CERVECERA', 1),
(2574, 116, 'MURILLO', 'BLANCA GRACIELA ', '27281246599', 1, '1-DANIEL MANZUR', 6, '6-SALTA', 'CENTRO EMP. COMERCIO(CEC)', 'ADMINISTRATIVO F', 1),
(2575, 119, 'POPPI', 'FEDERICO  ', '20258008198', 1, '1-DANIEL MANZUR', 6, '6-SALTA', 'CENTRO EMP. COMERCIO(CEC)', 'ADMINISTRATIVO F', 1),
(2576, 120, 'CACHARI', 'NORMA DEL VALLE', '27251589912', 1, '1-DANIEL MANZUR', 6, '6-SALTA', 'SIND.DE TRAB.CERVECEROS Y AFIN', 'VENDEDOR A - CERVECERA', 1),
(2577, 121, 'PEREYRA', 'ARMANDO JESUS ', '20218960430', 1, '1-DANIEL MANZUR', 6, '6-SALTA', 'SIND.DE TRAB.CERVECEROS Y AFIN', 'VENDEDOR A - CERVECERA', 1),
(2578, 122, 'LUPATY', 'DARIO ENRIQUE ', '20296018695', 1, '1-DANIEL MANZUR', 6, '6-SALTA', 'SIND.DE TRAB.CERVECEROS Y AFIN', 'VENDEDOR A - CERVECERA', 1),
(2579, 123, 'VELAZCO', 'GILDA DEL MILAGRO', '27268982634', 1, '1-DANIEL MANZUR', 6, '6-SALTA', 'CENTRO EMP. COMERCIO(CEC)', 'VENDEDOR B CEC-SALTA', 1),
(2580, 124, 'CAÑIZARES', 'SEBASTIAN DAVID ', '20322886285', 1, '1-DANIEL MANZUR', 6, '6-SALTA', 'SIND. CHOFERES DE CAMIONES', 'CONDUCTOR 1º CAT.-SALTA', 1),
(2581, 129, 'ARAMAYO', 'SEBASTIAN ALFREDO ', '20315482519', 1, '1-DANIEL MANZUR', 6, '6-SALTA', 'SIND. CHOFERES DE CAMIONES', 'PEON ESPECIALIZ - SALTA', 1),
(2582, 130, 'FIGUEROA', 'CESAR ARIEL ', '20354806127', 1, '1-DANIEL MANZUR', 6, '6-SALTA', 'SIND. CHOFERES DE CAMIONES', 'PEON ESPECIALIZ - SALTA', 1),
(2583, 132, 'ARCE', 'JORGE RODRIGO ', '20298898765', 1, '1-DANIEL MANZUR', 6, '6-SALTA', 'SIND.DE TRAB.CERVECEROS Y AFIN', 'VENDEDOR A - CERVECERA', 1),
(2584, 136, 'CRUZ', 'DIEGO SEBASTIAN ', '20332649753', 1, '1-DANIEL MANZUR', 6, '6-SALTA', 'SIND. CHOFERES DE CAMIONES', 'PEON ESPECIALIZ - SALTA', 1),
(2585, 143, 'BRAVO', 'MICAELA  ', '27288494083', 1, '1-DANIEL MANZUR', 6, '6-SALTA', 'CENTRO EMP. COMERCIO(CEC)', 'ADMINISTRATIVO D', 1),
(2586, 156, 'COPA', 'JAVIER RICARDO ', '20236520111', 1, '1-DANIEL MANZUR', 6, '6-SALTA', 'CENTRO EMP. COMERCIO(CEC)', 'VENDEDOR B CEC-SALTA', 1),
(2587, 157, 'NOGALES', 'CARLOS ALEJANDRO ', '20186082266', 1, '1-DANIEL MANZUR', 6, '6-SALTA', 'CENTRO EMP. COMERCIO(CEC)', 'ADMINISTRATIVO D', 1),
(2588, 160, 'LIENDRO', 'MARCELA PATRICIA ', '27175804442', 1, '1-DANIEL MANZUR', 6, '6-SALTA', 'SIND.DE TRAB.CERVECEROS Y AFIN', 'VENDEDOR A - CERVECERA', 1),
(2589, 161, 'GUANCA', 'LUIS CESAR ', '20174548936', 1, '1-DANIEL MANZUR', 6, '6-SALTA', 'SIND.DE TRAB.CERVECEROS Y AFIN', 'VENDEDOR A - CERVECERA', 1),
(2590, 162, 'CRUZ', 'ALBERTO  ', '20115154487', 1, '1-DANIEL MANZUR', 6, '6-SALTA', 'SIND.DE TRAB.CERVECEROS Y AFIN', 'VENDEDOR A - CERVECERA', 1),
(2591, 163, 'YAPURA', 'GABRIEL ALFREDO ', '20220564666', 1, '1-DANIEL MANZUR', 6, '6-SALTA', 'SIND.DE TRAB.CERVECEROS Y AFIN', 'VENDEDOR A - CERVECERA', 1),
(2592, 164, 'AGUIRRE', 'ETHEL SILVINA ', '27230452739', 1, '1-DANIEL MANZUR', 6, '6-SALTA', 'SIND.DE TRAB.CERVECEROS Y AFIN', 'VENDEDOR A - CERVECERA', 1),
(2593, 165, 'ABAD', 'MARIA MAGDALENA ', '27256027149', 1, '1-DANIEL MANZUR', 6, '6-SALTA', 'SIND.DE TRAB.CERVECEROS Y AFIN', 'VENDEDOR A - CERVECERA', 1),
(2594, 176, 'OVALLE', 'VICTOR GABRIEL ', '20323656275', 1, '1-DANIEL MANZUR', 6, '6-SALTA', 'SIND.DE TRAB.CERVECEROS Y AFIN', 'VENDEDOR A - CERVECERA', 1),
(2595, 186, 'VACIS', 'FERNANDEZ DAMIAN ENRIQUE', '20279734182', 1, '1-DANIEL MANZUR', 6, '6-SALTA', 'CENTRO EMP. COMERCIO(CEC)', 'ADMINISTRATIVO D', 1),
(2596, 189, 'MARTIN', 'MARIA GABRIELA ', '27229987882', 1, '1-DANIEL MANZUR', 6, '6-SALTA', 'CENTRO EMP. COMERCIO(CEC)', 'VENDEDOR A CEC-SALTA', 1),
(2597, 194, 'VALVERDE', 'SARAVIA ARIEL EMANUEL', '23351047879', 1, '1-DANIEL MANZUR', 6, '6-SALTA', 'CENTRO EMP. COMERCIO(CEC)', 'VENDEDOR A CEC-SALTA', 1),
(2598, 195, 'FRANK', 'MIGUEL GUSTAVO ', '20167531130', 1, '1-DANIEL MANZUR', 6, '6-SALTA', 'CENTRO EMP. COMERCIO(CEC)', 'ADMINISTRATIVO C', 1),
(2599, 16, 'PEREZ', 'NECTOR PABLO ', '20234195027', 1, '1-DANIEL MANZUR', 7, '7-JUJUY', 'CENTRO EMP. COMERCIO(CEC)', 'VENDEDOR A JP', 1),
(2600, 22, 'CACHAMBI', 'JUSTO GERMAN ', '20924654326', 1, '1-DANIEL MANZUR', 7, '7-JUJUY', 'CENTRO EMP. COMERCIO(CEC)', 'VENDEDOR A JP', 1),
(2601, 50, 'TAPIA', 'DIEGO MANUEL ', '20284412401', 1, '1-DANIEL MANZUR', 7, '7-JUJUY', 'CENTRO EMP. COMERCIO(CEC)', 'VENDEDOR B CEC-SALTA', 1),
(2602, 128, 'MARTINEZ', 'OSCAR WALTER ', '20188402152', 1, '1-DANIEL MANZUR', 7, '7-JUJUY', 'NO CORRESPONDE', 'CONTADOR', 1),
(2603, 183, 'HERNANDEZ', 'MATEO OMAR ', '20230314552', 1, '1-DANIEL MANZUR', 7, '7-JUJUY', 'CENTRO EMP. COMERCIO(CEC)', 'VENDEDOR A - CERVECERA', 1),
(2604, 184, 'GUZMAN', 'LEONARDO ENMANUEL ', '20397816983', 1, '1-DANIEL MANZUR', 7, '7-JUJUY', 'CENTRO EMP. COMERCIO(CEC)', 'AUXILIAR A', 1),
(2605, 197, 'LACSI', 'RAUL GERARDO ', '20282517915', 1, '1-DANIEL MANZUR', 7, '7-JUJUY', 'CENTRO EMP. COMERCIO(CEC)', 'AUXILIAR A', 1),
(2606, 198, 'DIAZ', 'LUIS EDUARDO ', '20225378992', 1, '1-DANIEL MANZUR', 7, '7-JUJUY', 'CENTRO EMP. COMERCIO(CEC)', 'AUXILIAR A', 1),
(2607, 200, 'ARJONA', 'ALBERTO  ', '20132841005', 1, '1-DANIEL MANZUR', 7, '7-JUJUY', 'CENTRO EMP. COMERCIO(CEC)', 'ADMINISTRATIVO A', 1),
(2608, 208, 'CARDOZO', 'JORGE DANIEL ', '20340658982', 1, '1-DANIEL MANZUR', 7, '7-JUJUY', 'CENTRO EMP. COMERCIO(CEC)', 'AUXILIAR A JORNADA PARCIAL', 1),
(2609, 210, 'MARTINEZ', 'JUAN CARLOS ', '27318935918', 1, '1-DANIEL MANZUR', 7, '7-JUJUY', 'CENTRO EMP. COMERCIO(CEC)', 'AUXILIAR A JORNADA PARCIAL', 1),
(2610, 211, 'SARAVIA', 'CARLOS GASTON ', '20285345422', 1, '1-DANIEL MANZUR', 7, '7-JUJUY', 'CENTRO EMP. COMERCIO(CEC)', 'VENDEDOR A JP', 1),
(2611, 213, 'BALDERRAMA', 'YESICA NOELIA ', '27313081996', 1, '1-DANIEL MANZUR', 7, '7-JUJUY', 'CENTRO EMP. COMERCIO(CEC)', 'VENDEDOR A JP', 1),
(2612, 214, 'GARCIA', 'VICTOR DANIEL ', '20340611048', 1, '1-DANIEL MANZUR', 7, '7-JUJUY', 'CENTRO EMP. COMERCIO(CEC)', 'AUXILIAR A JORNADA PARCIAL', 1),
(2613, 216, 'NIETO', 'MARTINEZ LUCAS SANTIAGO', '20306376307', 1, '1-DANIEL MANZUR', 7, '7-JUJUY', 'NO CORRESPONDE', 'CONTADOR', 1),
(2614, 5, 'GALLARDO', 'DANIELA JIMENA ', '27308582146', 1, '1-DANIEL MANZUR', 8, '8-MAIMARA', 'NO CORRESPONDE', 'FUERA DE CONVENIO', 1),
(2615, 12, 'TOLABA', 'ROSO RAUL ', '20258576846', 1, '1-DANIEL MANZUR', 8, '8-MAIMARA', 'SIND. CHOFERES DE CAMIONES', 'CONDUCTORES 1º CATEGORIA', 1),
(2616, 17, 'GUTIERREZ', 'LUIS RUBEN ', '23237444299', 1, '1-DANIEL MANZUR', 8, '8-MAIMARA', 'SIND. CHOFERES DE CAMIONES', 'CONDUCTORES 1º CATEGORIA', 1),
(2617, 25, 'SOLANO', 'MARIANELA INES ', '27290245163', 1, '1-DANIEL MANZUR', 8, '8-MAIMARA', 'S.U.T.I.A.G.A.', 'PERS. PROMOCION', 1),
(2618, 93, 'ACOSTA', 'DAVID DONATO ', '20179320771', 1, '1-DANIEL MANZUR', 8, '8-MAIMARA', 'NO CORRESPONDE', 'ENCARGADO SUCURSAL', 1),
(2619, 100, 'RIVERO', 'MARIO OSCAR ', '20244670165', 1, '1-DANIEL MANZUR', 8, '8-MAIMARA', 'S.U.T.I.A.G.A.', 'PERS. PROMOCION', 1),
(2620, 147, 'PAREDES', 'JORGE MIGUEL ', '20261545714', 1, '1-DANIEL MANZUR', 8, '8-MAIMARA', 'CENTRO EMP. COMERCIO(CEC)', 'ADM. A JORNADA PARCIAL', 1),
(2621, 149, 'MARTINEZ', 'FARFAN JAVIER ', '20942418648', 1, '1-DANIEL MANZUR', 8, '8-MAIMARA', 'SIND. CHOFERES DE CAMIONES', 'PEON CORREDOR/SALTA', 1),
(2622, 152, 'BRITES', 'RICARDO RAMON ', '20229465474', 1, '1-DANIEL MANZUR', 8, '8-MAIMARA', 'S.U.T.I.A.G.A.', 'ADMINISTRATIVO 5TA.CAT.FORM.', 1),
(2623, 158, 'URZAGASTI', 'JORGE ROLANDO ', '20359316608', 1, '1-DANIEL MANZUR', 8, '8-MAIMARA', 'CENTRO EMP. COMERCIO(CEC)', 'AUXILIAR A', 1),
(2624, 181, 'CRUZ', 'FABIO ALBERTO ', '20335724691', 1, '1-DANIEL MANZUR', 8, '8-MAIMARA', 'CENTRO EMP. COMERCIO(CEC)', 'AUXILIAR A', 1),
(2625, 212, 'GALLARDO', 'MARIEL GEOVANA ', '27371062713', 1, '1-DANIEL MANZUR', 8, '8-MAIMARA', 'CENTRO EMP. COMERCIO(CEC)', 'ADM. A JORNADA PARCIAL', 1),
(2626, 8, 'MANZUR', 'SERGIO GABRIEL ', '20220944450', 1, '1-DANIEL MANZUR', 9, '9-HUMAHUACA', 'SIND. CHOFERES DE CAMIONES', 'CONDUCTORES 1º CATEGORIA', 1),
(2627, 26, 'VARGAS', 'DAVID LEONARDO ', '20271659033', 1, '1-DANIEL MANZUR', 9, '9-HUMAHUACA', 'NO CORRESPONDE', 'ENCARGADO SUCURSAL', 1),
(2628, 89, 'VILTE', 'SERGIO DANIEL ', '20363782214', 1, '1-DANIEL MANZUR', 9, '9-HUMAHUACA', 'S.U.T.I.A.G.A.', 'ADMINISTRATIVO 5TA.CAT.FORM.', 1),
(2629, 90, 'PUCA', 'SERGIO GUSTAVO ', '20350326740', 1, '1-DANIEL MANZUR', 9, '9-HUMAHUACA', 'SIND. CHOFERES DE CAMIONES', 'PEON CORREDOR/SALTA', 1),
(2630, 96, 'VILTE', 'DAVID JOSE ', '20313975771', 1, '1-DANIEL MANZUR', 9, '9-HUMAHUACA', 'SIND. CHOFERES DE CAMIONES', 'PEON CORREDOR/SALTA', 1),
(2631, 201, 'LEIVA', 'LUCAS ESTEBAN ', '20315949980', 1, '1-DANIEL MANZUR', 9, '9-HUMAHUACA', 'CENTRO EMP. COMERCIO(CEC)', 'VENDEDOR "A"', 1),
(2632, 10, 'MAMANI', 'CRISTIAN NELSON ', '20266637803', 1, '1-DANIEL MANZUR', 10, '10-ABRA PAMPA', 'CENTRO EMP. COMERCIO(CEC)', 'VENDEDOR A - CERVECERA', 1),
(2633, 110, 'MAMANI', 'JAVIER JORGE OMAR', '20292874791', 1, '1-DANIEL MANZUR', 10, '10-ABRA PAMPA', 'CENTRO EMP. COMERCIO(CEC)', 'VENDEDOR A JP', 1),
(2634, 159, 'QUIPILDOR', 'FELIX ARIEL ', '20246488593', 1, '1-DANIEL MANZUR', 10, '10-ABRA PAMPA', 'CENTRO EMP. COMERCIO(CEC)', 'ADM. A JORNADA PARCIAL', 1),
(2635, 1, 'SIVILA', 'JOSE LUIS ', '20184772206', 1, '1-DANIEL MANZUR', 11, '11-LA QUIACA', 'CENTRO EMP. COMERCIO(CEC)', 'VENDEDOR A - CERVECERA', 1),
(2636, 66, 'ALARCON', 'CLAUDIO SEBASTIAN ', '20311372565', 1, '1-DANIEL MANZUR', 11, '11-LA QUIACA', 'CENTRO EMP. COMERCIO(CEC)', 'AUXILIAR A', 1),
(2637, 67, 'VARGAS', 'OSCAR DANIEL ', '20320827605', 1, '1-DANIEL MANZUR', 11, '11-LA QUIACA', 'CENTRO EMP. COMERCIO(CEC)', 'AUXILIAR A', 1),
(2638, 84, 'VILCA', 'SILVIO CARLOS ', '20144055196', 1, '1-DANIEL MANZUR', 11, '11-LA QUIACA', 'CENTRO EMP. COMERCIO(CEC)', 'AUXILIAR A', 1),
(2639, 91, 'BURGOS', 'JORGE LUIS ', '20308572936', 1, '1-DANIEL MANZUR', 11, '11-LA QUIACA', 'CENTRO EMP. COMERCIO(CEC)', 'VENDEDOR A - CERVECERA', 1),
(2640, 98, 'NUÑEZ', 'SEBASTIAN MARCELO ', '27337484153', 1, '1-DANIEL MANZUR', 11, '11-LA QUIACA', 'CENTRO EMP. COMERCIO(CEC)', 'VENDEDOR A JP', 1),
(2641, 141, 'MARTINEZ', 'MARIANA DEL CARMEN', '27320826689', 1, '1-DANIEL MANZUR', 11, '11-LA QUIACA', 'S.U.T.I.A.G.A.', 'PERS. PROMOCION', 1),
(2642, 142, 'ARE', 'EZEQUIEL MAXIMILIANO ', '20338448717', 1, '1-DANIEL MANZUR', 11, '11-LA QUIACA', 'CENTRO EMP. COMERCIO(CEC)', 'VENDEDOR A JP', 1),
(2643, 146, 'GUTIERREZ', 'JUAN CARLOS ', '20237443382', 1, '1-DANIEL MANZUR', 11, '11-LA QUIACA', 'CENTRO EMP. COMERCIO(CEC)', 'AUXILIAR A', 1),
(2644, 167, 'CACHIZUMBA', 'ANGEL DANIEL ', '20279544715', 1, '1-DANIEL MANZUR', 11, '11-LA QUIACA', 'CENTRO EMP. COMERCIO(CEC)', 'AUXILIAR A JORNADA PARCIAL', 1),
(2645, 168, 'MARTINEZ', 'CESAR DAVID ', '23293095159', 1, '1-DANIEL MANZUR', 11, '11-LA QUIACA', 'NO CORRESPONDE', 'ENCARGADO SUCURSAL', 1),
(2646, 3, 'ALFARO', 'ALVAREZ UBALDO NOLASCO', '20201330409', 1, '1-DANIEL MANZUR', 21, '21-FINCA-HUACALERA', 'CENTRO EMP. COMERCIO(CEC)', 'AUXILIAR A JORNADA PARCIAL', 1),
(2647, 14, 'VALERO', 'YSABEL  ', '27254176511', 1, '1-DANIEL MANZUR', 22, '22-FINCA-MAIMARA', 'CENTRO EMP. COMERCIO(CEC)', 'AUXILIAR A JORNADA PARCIAL', 1),
(2648, 15, 'VALERO', 'FRANCISCO  ', '20223355367', 1, '1-DANIEL MANZUR', 22, '22-FINCA-MAIMARA', 'CENTRO EMP. COMERCIO(CEC)', 'AUXILIAR A JORNADA PARCIAL', 1),
(2649, 18, 'ABALOS', 'CRUZ  ', '20213223756', 1, '1-DANIEL MANZUR', 23, '23-FINCA-TILCARA', 'CENTRO EMP. COMERCIO(CEC)', 'VENDEDOR A 1/2 JORNADA', 1),
(2650, 172, 'SUMBAINO', 'JUSTO JOSE ', '20072891601', 1, '1-DANIEL MANZUR', 24, '24-TRANSPORTE GENERAL', 'SIND. CHOFERES DE CAMIONES', 'CONDUCTORES 1º CATEGORIA', 1),
(2651, 173, 'SUMBAINO', 'CARLOS ANDRES ', '20231679341', 1, '1-DANIEL MANZUR', 24, '24-TRANSPORTE GENERAL', 'SIND. CHOFERES DE CAMIONES', 'CONDUCTORES 1º CATEGORIA', 1),
(2652, 174, 'CASSAB', 'AYARDE FRANCO ANTONIO', '20345841734', 1, '1-DANIEL MANZUR', 24, '24-TRANSPORTE GENERAL', 'CENTRO EMP. COMERCIO(CEC)', 'VENDEDOR A 1/2 JORNADA', 1);

-- --------------------------------------------------------

--
-- Estructura de tabla para la tabla `empresa`
--

CREATE TABLE IF NOT EXISTS `empresa` (
  `COD_EMP` int(3) NOT NULL AUTO_INCREMENT,
  `NOMBRE` varchar(30) CHARACTER SET utf8 COLLATE utf8_spanish_ci DEFAULT NULL,
  `GERENTE` varchar(50) CHARACTER SET utf8 COLLATE utf8_spanish_ci DEFAULT NULL,
  `MAIL_GERENTE` varchar(50) CHARACTER SET utf8 COLLATE utf8_spanish_ci DEFAULT NULL,
  `estado` tinyint(1) DEFAULT NULL,
  PRIMARY KEY (`COD_EMP`)
) ENGINE=InnoDB  DEFAULT CHARSET=utf8 COLLATE=utf8_unicode_ci AUTO_INCREMENT=5 ;

--
-- Volcado de datos para la tabla `empresa`
--

INSERT INTO `empresa` (`COD_EMP`, `NOMBRE`, `GERENTE`, `MAIL_GERENTE`, `estado`) VALUES
(1, 'Daniel Manzur', 'Sebastian Dellamea', 'sdellamea@manzur-admin.com', 1),
(2, 'Fernando Manzur', 'Sebastian Besin', 'sbesin@manzur-admin.com', 1),
(3, 'Don Pedro', 'Sebastian Besin', 'sbesin@manzur-admin.com', 1),
(4, 'SISTEMAS', 'LEO', 'LEO', NULL);

-- --------------------------------------------------------

--
-- Estructura de tabla para la tabla `novedad`
--

CREATE TABLE IF NOT EXISTS `novedad` (
  `id` int(11) NOT NULL AUTO_INCREMENT,
  `idEmp` int(11) NOT NULL,
  `legajo` int(4) NOT NULL,
  `cantidad` int(5) DEFAULT NULL,
  `observacion` varchar(40) COLLATE utf8_unicode_ci DEFAULT NULL,
  `cod_con` int(3) NOT NULL,
  `fecha` date DEFAULT NULL,
  `estado` tinyint(1) DEFAULT NULL,
  PRIMARY KEY (`id`),
  KEY `cod_emp` (`legajo`,`cod_con`),
  KEY `cod_con` (`cod_con`),
  KEY `IdEmp` (`idEmp`)
) ENGINE=InnoDB  DEFAULT CHARSET=utf8 COLLATE=utf8_unicode_ci AUTO_INCREMENT=193 ;

--
-- Volcado de datos para la tabla `novedad`
--

INSERT INTO `novedad` (`id`, `idEmp`, `legajo`, `cantidad`, `observacion`, `cod_con`, `fecha`, `estado`) VALUES
(191, 2, 0, 0, '-', 0, '2014-01-30', NULL),
(192, 3, 0, 0, '-', 0, '2014-01-30', NULL);

-- --------------------------------------------------------

--
-- Estructura de tabla para la tabla `sucursal`
--

CREATE TABLE IF NOT EXISTS `sucursal` (
  `cod_suc` int(3) NOT NULL,
  `nombre` varchar(30) COLLATE utf8_unicode_ci NOT NULL,
  `cod_emp` int(3) NOT NULL,
  `estado` tinyint(1) DEFAULT NULL,
  PRIMARY KEY (`cod_suc`),
  KEY `foranea` (`cod_emp`)
) ENGINE=InnoDB DEFAULT CHARSET=utf8 COLLATE=utf8_unicode_ci;

--
-- Volcado de datos para la tabla `sucursal`
--

INSERT INTO `sucursal` (`cod_suc`, `nombre`, `cod_emp`, `estado`) VALUES
(1, 'Jujuy', 3, 1),
(2, 'Maimará', 3, 0),
(3, 'Humahuaca', 3, 1),
(4, 'Abra Pampa', 3, 1),
(5, 'La Quiaca', 3, 1),
(6, 'Salta', 1, 0),
(7, 'Jujuy', 1, 0),
(8, 'Maimara', 1, 0),
(9, 'Humahuaca', 1, 0),
(10, 'Abra Pampa', 1, 0),
(11, 'La Quiaca', 1, 0),
(12, 'San Pedro', 2, 0),
(13, 'Maimara', 2, 0),
(14, 'Humahuaca', 2, 0),
(15, 'Abra Pampa', 2, 0),
(16, 'La Quiaca', 2, 0),
(17, 'Colonia Sta Rosa', 2, 0),
(18, 'TODAS', 3, 0),
(19, 'TODAS', 1, 0),
(20, 'TODAS', 2, 0),
(21, 'FINCA-HUACALERA', 1, 1),
(22, 'FINCA-MAIMARA', 1, 1),
(23, 'FINCA-TILCARA', 1, 1),
(24, 'TRANSPORTE GENERAL', 1, 1),
(25, 'PNAL DE ACT. CONST', 2, 1),
(26, 'PNAL.DE ACT.INVER.\r\n', 2, 1),
(27, 'PNAL.DE ACT.TALL.', 2, 1),
(28, 'PNAL.DE FINCA-TAREAS VS.', 2, 1),
(29, 'PNAL.SAN SALVADOR JUJUY', 2, 1);

-- --------------------------------------------------------

--
-- Estructura de tabla para la tabla `usuario`
--

CREATE TABLE IF NOT EXISTS `usuario` (
  `ID` int(11) NOT NULL AUTO_INCREMENT,
  `idEmp` int(11) NOT NULL,
  `LEGAJO` int(4) DEFAULT NULL,
  `USUARIO` varchar(10) COLLATE utf8_unicode_ci NOT NULL,
  `CLAVE` varchar(10) COLLATE utf8_unicode_ci NOT NULL,
  `DESCRIPCION` varchar(30) COLLATE utf8_unicode_ci NOT NULL,
  `TIPO` varchar(13) COLLATE utf8_unicode_ci NOT NULL,
  `ESTADO` tinyint(1) DEFAULT NULL,
  `cargo` tinyint(1) DEFAULT NULL,
  `ultimoIngreso` date DEFAULT NULL,
  PRIMARY KEY (`ID`),
  KEY `LEGAJO` (`LEGAJO`),
  KEY `IdEmp` (`idEmp`)
) ENGINE=InnoDB  DEFAULT CHARSET=utf8 COLLATE=utf8_unicode_ci AUTO_INCREMENT=2 ;

--
-- Volcado de datos para la tabla `usuario`
--

INSERT INTO `usuario` (`ID`, `idEmp`, `LEGAJO`, `USUARIO`, `CLAVE`, `DESCRIPCION`, `TIPO`, `ESTADO`, `cargo`, `ultimoIngreso`) VALUES
(1, 2, 237, 'LCAMPOS', '123', '', 'ADMINISTRADOR', 1, 1, '2014-01-31');

--
-- Restricciones para tablas volcadas
--

--
-- Filtros para la tabla `empleado`
--
ALTER TABLE `empleado`
  ADD CONSTRAINT `empleado_ibfk_1` FOREIGN KEY (`COD_SUC`) REFERENCES `sucursal` (`cod_suc`) ON DELETE CASCADE;

--
-- Filtros para la tabla `novedad`
--
ALTER TABLE `novedad`
  ADD CONSTRAINT `novedad_ibfk_4` FOREIGN KEY (`cod_con`) REFERENCES `concepto` (`cod_con`) ON DELETE CASCADE,
  ADD CONSTRAINT `novedad_ibfk_5` FOREIGN KEY (`idEmp`) REFERENCES `empleado` (`ID`) ON DELETE CASCADE;

--
-- Filtros para la tabla `sucursal`
--
ALTER TABLE `sucursal`
  ADD CONSTRAINT `sucursal_ibfk_1` FOREIGN KEY (`cod_emp`) REFERENCES `empresa` (`COD_EMP`) ON UPDATE CASCADE;

--
-- Filtros para la tabla `usuario`
--
ALTER TABLE `usuario`
  ADD CONSTRAINT `usuario_ibfk_1` FOREIGN KEY (`idEmp`) REFERENCES `empleado` (`ID`) ON DELETE CASCADE;

/*!40101 SET CHARACTER_SET_CLIENT=@OLD_CHARACTER_SET_CLIENT */;
/*!40101 SET CHARACTER_SET_RESULTS=@OLD_CHARACTER_SET_RESULTS */;
/*!40101 SET COLLATION_CONNECTION=@OLD_COLLATION_CONNECTION */;
